System,N,AllSF@5 (%),SF_Recall@5 (%),MRR,EM (%),F1 (%)
S0_ClosedBook,500,0.0,0.0,0.0,13.6,17.86
S1_BM25,500,46.8,70.2,0.84,30.8,40.36
S2_Dense,500,70.6,84.4,0.93,36.8,47.11
S3_Hybrid,500,67.2,82.5,0.9,33.6,43.88
S5_Hybrid_Rerank,500,82.6,91.0,0.97,38.8,49.15
S5_Ctrl_Pool50,500,82.8,91.2,0.97,38.8,49.31
Ctrl_SinglePass_K10,500,81.0,90.1,0.9,38.6,48.44
S7_Iterative_Dense,500,72.8,84.9,0.93,37.6,49.2
S8_Full_Pipeline,500,85.6,92.6,0.97,39.8,51.14
S9_Oracle,500,100.0,100.0,1.0,53.0,66.8
Abl_No_Reranker,500,63.0,79.9,0.9,35.8,45.82
Abl_Dense_Only,500,85.6,92.3,0.96,40.0,51.38
Abl_BM25_Only,500,80.4,89.6,0.96,40.4,51.39
